path,bytes,sha256
00_original/original.wav,19007850,25b7bcebc7b4cd765ae74681b923db768732a5a8d70a8b14464ad316a8dadd16
00_original/sha256.txt,79,d0b64666b02ae3d11eb6c5b999925c80a9aaa9633b717a31d47e8b7e18daae4e
01_stems/htdemucs/original/bass.wav,38014288,e00b7e0eb71b8ab56cdc2afb850b30200eb07501764c8cdd8a16ab146c26ef86
01_stems/htdemucs/original/drums.wav,38014288,e4bbd04831ebac3f5ce62914fac8fa090966d921682b274b59c18fc7136fcbb0
01_stems/htdemucs/original/other.wav,38014288,f8ac7f2e14317038550e223c399ab0b68b6114153bee01f9c2a12f1fa4de243f
01_stems/htdemucs/original/vocals.wav,38014288,58ed075e526562059a137a6d9a07e7c2d1515cdede9f8b2bbeba39e2944a734b
01_stems/separation.json,180,53364d632b4d3ab46e25f02a1b134cd835a92a444c60b2f5860ea3e41aa5925e
02_analysis/analysis.json,36838,0c91c67375574d35cf2f0363149a6fcaff612f1de9167d98ec5989f88ec5ecff
02_analysis/technical_original.json,622,711b2bc0a6c165c851e14cdb3678ff46a1ec6522cca94f3a5d54c8a8038e1558
02_midi/reference_from_stems/bass_basicpitch.mid,9650,2c251562f48362e40f4d72393e11c0d3185389216465a8457d30c20a20599db7
02_midi/reference_from_stems/other_basicpitch.mid,7773,46449260ead0ca1299c2bb958cc56bb37d5f4ec8fd7e07fd5b6baefcedc67cb7
02_midi/reference_from_stems/transcription.json,475,06be3361998e6e72681ebbd3be72bf75865be3eaf3014753919d755f8ebe57e1
02_midi/reference_from_stems/vocals_basicpitch.mid,4837,f118e063e131117d689fa5c5d54462b29f9745d9e6bcb3e35c62e6ff14600540
03_proposals/bass_A.mid,139,42f7e13614f0b4fdb60ea18e94403def739188a6e39cace4bf0456e7788a4f6c
03_proposals/bass_A_notes.json,1427,584cabdc4321d705e61f5d3f3a6b85934a198dc988d593b10092adc7173f23b6
03_proposals/bass_A_preview.mp3,347368,b559fa287fe2fd8e37b5542343605edbebf8dacee4878c0a6ae899182cf87a28
03_proposals/bass_A_preview.wav,2539568,3dff3beb57042737ba8188498793ae5bc9abcf7d74427e27786c1630633e701a
03_proposals/bass_B.mid,405,ab301231b88addf7be540b6be6dd4210e16dfac64ad19b5e076c56de00677b24
03_proposals/bass_B_notes.json,9072,bc358f36a174edb2ab53f2e5f6a04b19a8993690033b2129e88b6e603498a193
03_proposals/bass_B_preview.mp3,347368,5f81c45919db4aab198864fafb68ba1fc7a33c7c3d1d62d98545c3276f63cccd
03_proposals/bass_B_preview.wav,2539568,b1e24f4aca5d25324701cc4510cb6daf2bc3305cf973ed7ed4d8eb2f29c58c4e
03_proposals/bass_C.mid,277,83e7b9d9d5f186267112bc8e7bad7fe20d22e8f366a1f68cbd44dc17d1226ee1
03_proposals/bass_C_notes.json,4609,0d7d9d5fa2fcee9c762695516c088075e40f24a818e4b44b14dc8d4d08b120b6
03_proposals/bass_C_preview.mp3,347368,9f81269dc25ea5b46d7830abea1942f73449f41268214e50fb75c1f2f7a5f818
03_proposals/bass_C_preview.wav,2539568,aff5a3639f7572e2af846e1db2708f35deafe10ba6ddb128f6b9c48562fb51e7
03_proposals/bridge_A_chords.mid,225,662c5cac5ef4bb68e0966d26d0deed99a0685707477d5dc9b3b6600dde284e9d
03_proposals/bridge_A_chords_preview.mp3,349249,20cde184ff22fe09a6ba77f8d3b8cb1d6e56f16497217e67cf9ccdd68b747210
03_proposals/bridge_A_chords_preview.wav,2555980,94df4a447b9bceefa58e3a26271e665c117e68eeac79d3ba9fac758ad8338471
03_proposals/bridge_B_chords.mid,225,d4f87ba741aa6c46741ac587fd15293f7833f5a27264357809cc4cbb74f004c8
03_proposals/bridge_B_chords_preview.mp3,349249,43eb8e2e1b59f7aab56fc6c3e2ec32d2320adaaf29d9d30dffe3a3010117d37f
03_proposals/bridge_B_chords_preview.wav,2555980,f0f63fe638ebd531504212e4fe6c900809b367a5aba5b1045f09dcc196c8afab
03_proposals/bridge_C_chords.mid,225,d93c2af8ad3068b8b1d98a2063c2b2245659b7324b7e4c5813adf7f1ee602fd2
03_proposals/bridge_C_chords_preview.mp3,349249,61fc2ef2240de47a6d109bda282155bcd1895e4db6048f7d02a266318c21e8e3
03_proposals/bridge_C_chords_preview.wav,2555980,4b081a9d65a6241444488e1369db274a915fa831633903444ed033547f9322b7
03_proposals/drums_A.mid,694,18960f4ab24db053e623651ec5c0a95bc8d6d2f59d191c6fc44ba8c4d8ecbbac
03_proposals/drums_A_events.json,12808,4b32058654893fb446c855d61d4c79f7fc832f6eff658f416c3efece48113071
03_proposals/drums_A_preview.mp3,347368,a1445c77a1d6f0f30b4a99adf73d85ee80599e19068c403e1fa1c661bb675228
03_proposals/drums_A_preview.wav,2539568,6057611f3cbe113d0607c450e94afce63ff6a5a9eb166a3a6760f878283e26c5
03_proposals/drums_B.mid,1258,cd54096689537421dd50711b69b472b6e2435ebabd0703893fb85787fc2f6f62
03_proposals/drums_B_events.json,24552,f231278821bd9db5ed0d85567f1a0ce6d609a1b40333866d2c6d86287cb2d35b
03_proposals/drums_B_preview.mp3,347368,607dd96a3c96f25f7935af366583b90dfa4c2e388877d196b2a6dbdb119e8a04
03_proposals/drums_B_preview.wav,2539568,0e8fe76f0223c56ec5c0a0852b0c9a222216d2ef299d5e72669b28c3ee596d94
03_proposals/drums_C.mid,1474,af7dd7754920460952bd7e78b5770467953af41c574df6ad3e49f64dd483341c
03_proposals/drums_C_events.json,29461,bbd554c542ba64d38446c50d88eb2f6592aba37d1a4e7f8657a5077aa37e3a5b
03_proposals/drums_C_preview.mp3,347368,3fef006587e6b86f7a7fd2daaad1a8f8a94a0ae9afda0af9c04b174dc491ec4a
03_proposals/drums_C_preview.wav,2539568,1d3e4c00bfa2b271d7ad9cf3d15b3d4b28fd76ebcd3af08cb68f0a09462e009d
03_proposals/proposals.json,2876,fc1f79b9633ebdf6beb6047f6954f4076fdf8b1347b2188ed841575496fd3c8e
04_edits/arrangement_manifest.json,4233,fd99b4b577084fdf7dff280244d3a3c7ddd0cbd8fbe9b7012ac46b848729eaa3
04_edits/bed_original_stems_automated.wav,39091584,efd607d1663b7a0f65d31df36b463533025e05666402e7e46bcaaef3e597bbbb
04_edits/midi/new_bass_A_output_time.mid,302,6b30b42a14cef6d5be5dad99ac1a360020edea448e3bbe4bd8f2a359b36b5971
04_edits/midi/new_drums_A_output_time.mid,2064,be6e2908cb6dee0ce4d302ed5dac64897c290b237909afab65690c68c130a0c9
04_edits/midi/new_notes.json,52912,bdf7dc9644d0dddec91dacc48aa843b3e16ab51dd8955f1732d2278f46cd709b
04_edits/new_parts/bass_A.wav,39091584,ff99787be06c3767d2b70d7293a2ec21d2eb0e6d5d922b462491caed75d9c002
04_edits/new_parts/drums_A.wav,39091584,b11a0ea9d2581a0ef8f6562f8c76d97cfe7c77edec52d22cd6c0af2a540c5808
04_edits/new_parts/intro_new.wav,39091584,889a768dd66b9c7eea88cf1d3ae374a1d9db8d8bf05c286a55b0e70f4093e235
04_edits/new_parts/pad.wav,39091584,26e1801b53134687d21892665100807b6fa1d07bef962d1dedb97f2667811277
04_edits/new_parts/riser.wav,39091584,b72a67c5d398f33e527a8368a1900ae3ac251322bdc583dce928ec41b07c9672
05_mix/premaster.wav,39091584,543accff6e180e779afbf7f35c5f294b4df30620a4f214cf1189442dc1f3b9f3
06_master/AB_original24s_silence1s_arranged24s.mp3,1569898,8e0b051fcc941f9655ff69ebad5820112debdbd9a5fbc0afba3740c9d97fc21b
06_master/LISTEN_arranged.mp3,4434591,0c80067f75389d52d6188143f837cf0a9cbad455cd2642268c53b888fdb9cff4
06_master/arranged_master_44k1_24bit.wav,29318666,baf676ead7bd26fd7a3ea9c689604b841b9deffaa80fe3469cdaf23e4645ce7c
06_master/distributor_candidate_44k1_16bit.flac,11467857,d5478dc84b25c6b044674146413d845569febaa35a09f4009946c4976194105d
06_master/master_settings.json,525,b3f22f30229aba558b91ea0d87ef93df6e048405ad51305ca66c09181ce66e07
06_master/qc.json,2527,55358c8fa120a886edc585a9d95aa9d9106f8a1386c995528e06288654bd96c6
pipeline_log.json,2756,a0c4d43a6aece5a4404194a453ac0a849333ef18a5bec27d84940d8f4061615d
